id,GivenName,FamilyName,Phone,Email,Birthdate,Company,StreetAddress,City,ZipCode,Region,Country,Latitude,Longitude
10001,Sylvia,Whitfield,365-4227,pede@Sed.edu,05/05/19,Ullamcorper Eu Associates,3265 Orci Street,Fort Wayne,B9E 8RU,Indiana,South Sudan,-86.41375,-105.97494
10002,Yoshio E.,May,1-771-899-2972,sociosqu@orciUtsagittis.co.uk,07/29/17,Ut Nulla Cras LLC,6362 Nisl. Rd.,Vienna,4581,Vienna,Tuvalu,-45.83732,18.64839
10003,Adena,Mckay,742-1170,cursus.in@ornarelectus.org,07/02/19,Arcu Eu Odio Incorporated,129-868 Non St.,Alcobendas,7747,Madrid,Netherlands,65.61868,-173.51865
10004,Jorden J.,Swanson,1-871-388-9281,Praesent.eu.dui@fringilla.edu,02/06/18,Non Massa Non LLC,198-8503 Sed St.,Columbus,6099,OH,Canada,89.41469,163.65964
10005,Sara G.,Lewis,434-8163,amet@nonsollicitudin.co.uk,05/20/19,Orci Corporation,Ap #579-4274 Maecenas Rd.,Dublin,52208,L,Nigeria,3.34333,-28.34472
10006,Walter L.,Durham,687-7463,amet@ultrices.ca,08/11/17,Turpis LLC,"Ap #389-9282 Ac, Rd.",Cuenca,35531-749,CM,Gabon,39.96585,-152.63678
10007,Fulton,Wilkins,556-5898,vitae@Sedid.com,07/14/18,Arcu Sed LLP,Ap #668-6458 Non Road,Timon,29939,Maranhão,Svalbard and Jan Mayen Islands,-86.66462,137.77153
10008,Julie Y.,Glass,1-822-755-1219,odio.vel.est@ipsum.net,10/05/17,Risus Corporation,"Ap #459-7421 Ut, Avenue",Queanbeyan,48658,NSW,Tanzania,78.91647,-14.20174
10009,Hiram,Greene,242-8580,gravida@Fuscedolorquam.co.uk,08/09/18,Purus Sapien Gravida Associates,Ap #314-6556 Donec Rd.,North Shore,218199,NI,Costa Rica,-70.73895,-130.67316
10010,Kylan,Parrish,421-9436,amet.luctus.vulputate@laoreet.ca,08/12/18,Nisl LLP,8279 A Road,Otukpo,6700,Benue,China,-67.21494,-24.76589
10011,Leslie Y.,Grimes,586-0096,nisl.arcu.iaculis@Maecenasmalesuada.co.uk,11/30/18,Pede Associates,337 Mus. St.,Sioux City,2329,IA,Yemen,63.66254,77.99742
10012,Robin O.,Miles,478-6755,ante@sodales.net,11/21/17,Velit Aliquam Industries,722-6415 Morbi Street,Freirina,88-531,III,"Congo, the Democratic Republic of the",-67.44869,28.0434
10013,Chantale,Shepherd,1-220-708-1028,ut.aliquam.iaculis@lacuspede.org,03/10/18,Parturient Montes Consulting,"P.O. Box 427, 7446 Pharetra Av.",San Francisco,628878,Heredia,Norfolk Island,-10.47009,-25.19822
10014,Bree R.,Mcdaniel,1-502-187-2437,ante@Nunc.ca,05/17/19,Elit Foundation,Ap #134-3594 Tristique Rd.,Township of Minden Hills,1665,ON,Holy See (Vatican City State),-5.62236,15.42535
10015,Deacon,Parker,1-627-733-3075,risus@tempor.co.uk,05/12/18,Egestas A Dui LLP,5533 Fusce Ave,Valdivia,8150,Los Ríos,Wallis and Futuna,15.08206,127.98179
10016,Thane Z.,Chan,1-431-914-1013,aliquet.lobortis@Utsemper.edu,05/01/19,Mattis Velit Associates,"Ap #262-1560 In, Av.",Elx,36601,Comunitat Valenciana,Ecuador,18.27841,-88.86302
10017,Minerva,Potts,469-1124,urna@interdum.net,01/19/18,Non Cursus Incorporated,256-8308 Tincidunt. Avenue,Dublin,9760,Leinster,Niger,47.61893,147.58566
10018,Camille,Cole,292-7084,eu@sollicitudinorci.co.uk,09/16/17,Adipiscing Elit Curabitur Foundation,"P.O. Box 407, 2252 Venenatis Rd.",Annapolis,81672,MD,Bermuda,31.11432,-165.37692
10019,Julie O.,Rich,1-237-856-6035,id.risus.quis@eueratsemper.co.uk,07/13/19,Pede Nonummy Ut Corporation,5682 Mauris Avenue,Moerzeke,346323,OV,Germany,10.36689,-18.01046
10020,Hamilton,Rutledge,211-4766,lobortis.nisi@Curabiturvel.net,01/08/18,Fringilla Est Institute,Ap #920-2646 Cursus St.,Nicoya,2137,G,Rwanda,-0.69104,-137.25896
10021,Katelyn,Mcclain,1-729-454-1878,iaculis.aliquet@Duis.net,04/04/19,Et Associates,"P.O. Box 390, 2507 Cursus. Street",Piracicaba,65437,São Paulo,Montserrat,20.9793,172.42281
10022,Debra Q.,Hendricks,802-6165,erat.eget@afeugiat.com,02/15/18,Fusce Feugiat Corporation,365-8658 Ultrices. Street,Sainte-Flavie,43284,Quebec,Ukraine,-76.15667,-44.67735
10023,Brady,Castaneda,1-260-596-4264,non.lacinia.at@turpis.org,10/14/18,Ipsum Curabitur Ltd,9790 Sollicitudin Av.,Medemblik,25166,Noord Holland,Taiwan,-44.27506,125.93772
10024,Jesse X.,Noel,606-0609,auctor.velit.eget@necquamCurabitur.com,04/21/19,Odio A Incorporated,Ap #339-2829 At Ave,Sobral,413582,Ceará,Bahamas,-71.43336,-111.31959
10025,Paloma K.,Allen,526-6194,Ut@purusac.net,03/04/19,Pede Praesent Eu Corp.,"134-8857 Id, Rd.",Bad Hersfeld,636030,HE,Seychelles,83.19503,108.01773
10026,Maia,Warren,1-760-915-8954,Nullam.scelerisque.neque@eget.net,03/28/18,Et Company,138-3771 Maecenas St.,Vancouver,11962,Washington,Tonga,-82.93869,-172.12446
10027,Irene,Chaney,924-7965,vehicula@nuncullamcorpereu.org,10/22/17,Curae; Ltd,Ap #934-3049 Orci. Road,Casper,35375-780,WY,Grenada,-33.31582,122.81722
10028,Donovan,Foreman,550-5382,non.justo.Proin@viverra.ca,09/24/18,Dui Incorporated,780-4273 Sed Ave,Blenheim,582230,South Island,Tajikistan,70.19587,47.70154
10029,Tucker D.,Cabrera,352-3488,dignissim@tellussem.net,05/17/18,Suscipit LLP,8108 Pede. St.,Iseyin,20802,OY,Laos,73.63246,167.86935
10030,Regan W.,Bauer,1-337-777-2381,eros.nec.tellus@lectusquismassa.com,09/14/18,Metus Eu Erat Associates,1553 Ac Avenue,Ipís,3959,San José,Malaysia,59.07973,-156.45939
10031,Wendy,Garrett,891-6858,odio.a.purus@eunulla.org,07/10/18,Feugiat Lorem Institute,"938 Eu, Avenue",Ried im Innkreis,40819,OÖ.,Gambia,9.75094,49.07829
10032,Aladdin X.,Houston,1-829-213-6050,nulla.Donec@nequevitaesemper.net,12/13/17,Non Enim Commodo Industries,"P.O. Box 182, 1565 Mollis Rd.",Uppingham. Cottesmore,51909,Rutland,Guam,-4.12579,52.58811
10033,Chloe,Carr,868-1974,Etiam.laoreet.libero@vitaediamProin.com,01/30/18,Ut Consulting,"597-6534 Tincidunt, Street",Warisoulx,24828,Namen,Saint Pierre and Miquelon,69.06435,28.30358
10034,Ayanna,Reed,1-864-386-5326,lectus.Nullam@ullamcorper.ca,04/09/19,Elementum Institute,Ap #615-2063 Lobortis. St.,Vienna,2924,Wie,Ghana,-45.95086,-75.12692
10035,Giacomo,Elliott,1-715-527-8540,sit@tincidunt.co.uk,09/19/17,Eu Ligula Aenean Associates,736-993 Pede. St.,Vienna,50156,Wie,Burundi,29.19424,67.57522
10036,Derek,Hooper,1-246-111-9981,lectus@scelerisquemollis.org,11/20/17,Ut Aliquam Associates,"P.O. Box 993, 9417 Ipsum Street",Galway,0987 SO,Connacht,Spain,60.61678,-117.30326
10037,Jack,Austin,1-462-579-2455,mollis.dui@magnisdisparturient.ca,09/18/17,Sed Dictum Eleifend LLC,"P.O. Box 414, 9567 Fermentum Ave",Lafayette,B9J 6M4,LA,Cuba,-81.23658,78.06498
10038,Deborah S.,Mathews,530-0727,ligula.consectetuer.rhoncus@Vivamusmolestie.com,08/21/18,Pede Praesent Eu LLP,313-4061 Euismod St.,Vänersborg,14615-565,Västra Götalands län,Libya,11.05541,4.40802
10039,Shea,Fry,864-0243,enim.Etiam@pedeultricesa.net,10/22/18,Ut Semper Pretium Corporation,Ap #397-1359 Aliquet Av.,Joliet,59748,IL,Tanzania,-58.93606,-12.46839
10040,Indigo U.,Knapp,139-1572,vitae.risus@elementum.edu,03/26/18,Fusce Aliquet Magna Associates,176-3881 Et Av.,Piracicaba,283876,SP,Finland,-45.00826,-165.49887
10041,Dieter Z.,Maddox,594-2833,posuere.enim@nuncest.co.uk,12/02/18,Egestas Lacinia Sed Associates,"P.O. Box 727, 7203 Tincidunt Av.",Isla de Maipo,812804,Metropolitana de Santiago,Mauritius,67.80219,-20.04061
10042,Gray,Stafford,1-587-446-5942,magna@elementum.net,12/12/18,Lorem Ltd,"P.O. Box 818, 7004 Ante Rd.",Napier,913025,NI,Greece,-49.90721,63.62337
10043,Veronica,Burke,1-543-896-5529,et@semNullainterdum.org,02/21/19,Mauris Ut Mi Inc.,369-9318 Sagittis. Av.,Petrópolis,66718,Rio de Janeiro,United States,7.88987,-33.67704
10044,Ivy,Barton,945-6304,Sed.nulla.ante@tincidunttempusrisus.edu,08/05/18,Parturient Montes Inc.,"8067 At, Road",Cedar Rapids,709930,Iowa,Indonesia,47.98917,-178.04479
10045,Tallulah,Cash,1-376-275-6390,nisi@magnaUt.org,01/27/19,Tempor Augue LLC,248-1103 Posuere Rd.,Santa Coloma de Gramenet,O3 0CU,CA,Georgia,-39.09644,-178.21154
10046,Levi,Myers,1-997-184-1838,egestas.urna.justo@in.com,10/07/17,Dolor LLC,"P.O. Box 593, 1688 Tincidunt Rd.",Gadag Betigeri,35-540,Karnataka,Cape Verde,-69.45218,104.24253
10047,Ruth X.,Sims,974-6466,Nulla@nibhvulputate.org,02/07/19,Nunc Interdum Feugiat Corp.,7689 Nec Rd.,Perth,75175,Perthshire,China,10.15201,73.13245
10048,Tatyana L.,Phillips,279-0599,Aenean.eget.metus@diam.com,07/03/18,Velit Dui PC,"997 Amet, Rd.",Minneapolis,8083,Minnesota,Saint Barthélemy,-1.52874,-166.10027
10049,Jenette B.,Stevenson,1-383-402-7035,felis.purus@dolorelit.net,06/08/19,Lorem Semper Industries,181-300 Est St.,Piracicaba,52877,SP,Jamaica,32.8238,171.30275
10050,Aphrodite I.,Roberson,1-813-740-4706,eros.non.enim@sit.ca,01/22/19,Aliquam Arcu Aliquam Inc.,Ap #690-6077 Venenatis Rd.,Feira de Santana,48402-349,BA,Malta,83.27119,-106.17024
10051,Yen N.,Lindsay,183-5763,feugiat.metus.sit@Suspendissenon.org,06/02/18,Dictum Magna Foundation,8303 Nam St.,Lower Hutt,387542,North Island,Dominican Republic,-75.76311,157.46882
10052,Lesley A.,Drake,715-3591,metus.Aenean@ipsum.co.uk,11/02/17,Magna Suspendisse Tristique Company,6490 Magna St.,Albury,0844 BY,New South Wales,Fiji,-55.36682,31.70008
10053,Kiona W.,Torres,465-5053,quis@consectetuer.net,08/26/17,Orci Ltd,"P.O. Box 159, 8138 Augue Rd.",Diyarbakır,X6R 0X3,Diyarbakır,Afghanistan,54.70505,71.66002
10054,Megan,Sellers,1-376-165-4847,arcu.Curabitur.ut@mauriselitdictum.ca,04/27/18,Odio Aliquam Inc.,Ap #326-204 Et Rd.,Upplands Väsby,S8W 9N1,Stockholms län,Zambia,36.14441,-12.94468
10055,Georgia Y.,Ruiz,1-862-757-8405,semper@velitCras.net,01/27/18,Neque Vitae Ltd,Ap #370-8617 Sed Av.,Hannche,830970,LU,South Georgia and The South Sandwich Islands,42.0873,-91.26196
10056,Adam N.,Hopkins,1-279-843-3279,Sed@Quisque.com,09/24/18,Mollis Nec Cursus Incorporated,"P.O. Box 514, 7710 Viverra. Av.",Lidingo,217767,Stockholms län,United States,-29.82654,-112.02573
10057,Sopoline Q.,Buchanan,827-1046,Curabitur.egestas.nunc@ac.net,01/20/18,Consequat LLC,354-8561 Dictum Avenue,Murray Bridge,54693-002,SA,"Korea, South",-78.69632,-7.14374
10058,Rhiannon Z.,Whitaker,419-2201,neque.sed@penatibusetmagnis.ca,04/13/18,Auctor Odio A Inc.,"P.O. Box 542, 2609 Pede. Rd.",Hamburg,55642,Hamburg,Iran,52.33633,59.23154
10059,Ebony O.,Forbes,1-780-746-0699,placerat.Cras@sitametorci.net,08/06/18,Velit Industries,"P.O. Box 246, 8525 Praesent Road",Waitakere,K4G 0P5,NI,Kuwait,-21.6471,-51.31558
10060,Felix,Bryant,1-675-776-1430,metus.vitae.velit@Maecenas.co.uk,08/07/18,Dolor Consulting,"P.O. Box 221, 5880 Vitae Street",Berlin,41119,BE,Georgia,0.62749,60.6478
10061,Ori V.,Callahan,1-335-507-6339,Phasellus.dolor.elit@ridiculus.net,02/10/19,Lorem LLC,"P.O. Box 427, 3456 Eu Rd.",Ambala Sadar,28199,HR,Portugal,-19.38525,3.81218
10062,Callie,Wolf,171-2660,Aenean.sed@Nuncmauris.co.uk,09/07/18,Orci Industries,"440 Vel, Ave",Windsor,78802,ON,Uruguay,65.55072,129.68119
10063,Sybil P.,Garza,556-8333,imperdiet.ornare.In@nonfeugiatnec.org,07/28/18,Eu Metus In Company,413 Arcu Avenue,Sunset Point,2353,Alberta,South Georgia and The South Sandwich Islands,-72.58093,-80.06172
10064,Echo P.,Howard,341-2081,mattis.ornare.lectus@Aeneangravida.edu,03/14/18,Erat LLC,9393 Magna Rd.,Hamburg,60704,HH,Svalbard and Jan Mayen Islands,-68.8565,161.90382
10065,Trevor F.,Flowers,296-3275,pede@sit.com,04/04/19,Mauris Vestibulum Neque Associates,2963 Malesuada Street,Dannevirke,7116,NI,Bahrain,61.6834,-19.44966
10066,Kay V.,West,480-5066,ut@iaculisenimsit.com,02/21/18,Turpis Foundation,106-2195 Velit. Rd.,Hamburg,4486 ES,HH,Ireland,7.5021,33.10114
10067,Kenneth,Spencer,1-936-852-3809,a@sitamet.org,10/02/18,Mi LLC,"Ap #867-5595 Eget, Ave",Pabianice,4412 SW,LD,Dominican Republic,-66.17299,110.47672
10068,Upton Z.,Hudson,1-153-100-3845,varius.orci@pedePraesenteu.co.uk,07/25/17,Fames Ac Turpis Corp.,299 Sed Road,Bauchi,4358,Bauchi,United States Minor Outlying Islands,12.19274,70.48402
10069,Jennifer O.,Branch,825-0387,lorem.eu@aauctornon.net,03/21/18,Egestas PC,"P.O. Box 777, 7083 Phasellus Rd.",New Quay,968220,CG,Serbia,9.71978,166.98359
10070,Kato S.,Vance,105-6144,nibh.sit.amet@egetlacusMauris.com,12/15/18,Id PC,907-3004 Nibh. Road,Wick,750385,CA,Solomon Islands,-19.08465,-4.25246
10071,Edward R.,Black,192-0324,Proin.eget@necurnaet.com,03/04/18,Mollis Institute,"P.O. Box 490, 4111 Nec Avenue",Dublin,86666,Leinster,South Sudan,-89.86063,23.37939
10072,Jane V.,Hart,505-0553,dui.Fusce@ut.edu,11/11/18,Aliquam Eros Company,Ap #762-7007 Lectus Ave,Katsina,620015,Katsina,Afghanistan,-80.52946,9.10005
10073,Hanna T.,Dorsey,1-474-547-5419,nulla.Cras.eu@nonleoVivamus.edu,11/16/17,In Company,"P.O. Box 880, 6595 A St.",Dover,31-756,Delaware,Romania,-41.89715,-148.40513
10074,Keaton,Allen,1-226-817-3537,montes.nascetur@sociisnatoquepenatibus.edu,01/17/18,Facilisis Consulting,"P.O. Box 851, 6537 Scelerisque St.",Nice,40036,Provence-Alpes-Côte d'Azur,Canada,-81.01553,177.73423
10075,Paul,Chase,546-4120,mattis.Integer@massarutrum.net,07/11/18,Eu Augue Porttitor Institute,562-7127 Phasellus Avenue,Galway,429108,C,Papua New Guinea,42.55786,25.10353
10076,Thomas J.,Gallagher,296-1312,magna.malesuada@adipiscing.net,10/24/18,Cursus Integer Mollis Ltd,"9704 Scelerisque, Av.",Burcht,20299,AN,Guam,34.86409,-171.88981
10077,Kirk Z.,Head,502-8738,fames.ac@venenatis.org,06/25/19,Eu Ligula Industries,Ap #785-3107 Tincidunt Street,San Vicente,03430-127,San José,Kyrgyzstan,26.93017,-24.7106
10078,Macey,Skinner,1-664-676-2373,mus@Craseget.co.uk,05/22/18,Nec LLC,971-9653 Vitae Road,Abeokuta,8300,OG,Comoros,-52.00994,69.77488
10079,Summer V.,Cash,422-2334,cursus.diam@libero.org,10/17/17,Mattis LLC,Ap #851-932 In Street,New Plymouth,5012 RL,North Island,Dominican Republic,-32.65438,-66.06504
10080,Erica L.,Schultz,1-654-255-8734,pede.et@velit.com,07/24/18,Vel Company,Ap #976-4683 Enim. St.,Aulnay-sous-Bois,14836,Île-de-France,American Samoa,-60.97372,167.4518
10081,April O.,Walters,303-3279,montes.nascetur.ridiculus@tinciduntpede.com,07/07/19,Dictum Limited,7981 Etiam Av.,Limoges,622148,Limousin,Equatorial Guinea,-33.19905,-169.01121
10082,Mariko,Parks,1-686-556-7345,Nulla.interdum@Quisquenonummy.com,01/18/18,Semper Dui Consulting,"P.O. Box 320, 6403 Est, St.",Combarbalá,833270,Coquimbo,Norway,-63.4641,-11.31285
10083,Hasad N.,Fitzpatrick,357-3480,Lorem@lobortis.com,07/01/18,Sem Limited,5976 In Av.,Lerum,63624-401,Västra Götalands län,Montenegro,86.22764,-155.3275
10084,Kylee,Vincent,263-0400,eget.varius@non.com,04/16/18,Eget Metus In Ltd,1568 Vel Avenue,Pointe-au-Pic,20507,Quebec,Saint Lucia,-17.72313,-111.61024
10085,Jacob S.,Fernandez,1-705-800-6506,quam.Curabitur@purus.ca,03/04/19,Consequat Auctor Nunc Inc.,"P.O. Box 734, 8453 Et St.",Waiuku,9684,North Island,Bulgaria,-5.89745,94.60626
10086,Steven,Cash,292-1352,nisl@egestaslaciniaSed.ca,11/08/18,Erat Vivamus Nisi Foundation,"Ap #887-6282 Vestibulum, Av.",Olsztyn,82179,Warmińsko-mazurskie,Sint Maarten,-10.37607,36.13818
10087,Shelby,Barlow,820-1553,velit.Quisque.varius@non.ca,01/18/19,Vestibulum Corp.,"P.O. Box 859, 3442 Dictum Ave",Sant'Eufemia a Maiella,760973,Abruzzo,Fiji,54.68552,-28.34389
10088,Kuame T.,Poole,1-809-970-9897,neque.tellus@Morbinon.co.uk,11/30/17,Cras Dictum Ultricies Associates,Ap #198-1176 Lorem. Road,Lleida,51-581,CA,"Virgin Islands, British",-13.88931,-29.48809
10089,Ruby,Tanner,1-105-918-6225,dui.Cum.sociis@quamPellentesquehabitant.co.uk,06/15/18,Suspendisse Company,3653 Eros Ave,Berlin,765648,Berlin,Dominica,86.07743,39.64338
10090,Tarik D.,Ferrell,227-7114,et.nunc.Quisque@Crasconvallis.com,10/22/18,Et Commodo Company,621-8302 Ut Rd.,Kano,63406,Kano,Cyprus,-61.18695,116.74959
10091,Tarik,Wiggins,1-287-913-3408,at@malesuadamalesuadaInteger.net,09/06/17,Aliquam LLC,Ap #772-1773 Egestas St.,Providencia,6176,RM,Anguilla,40507,140.69934
10092,Quinn,Bird,1-432-247-4380,ut@sedsemegestas.edu,12/09/17,Justo Faucibus Lectus LLC,722-2849 In Rd.,Gaziantep,99645,Gaz,China,-51.58345,7.57556
10093,Eden C.,Glenn,769-6217,vestibulum.massa.rutrum@rutrumeu.org,03/02/19,Magna Cras Limited,644-4100 Sed Rd.,Lagos,53386,LA,Guadeloupe,-1.4966,-100.8904
10094,Linus,Forbes,248-6697,urna.Vivamus.molestie@primisin.net,12/16/18,Sed Pede PC,5569 Arcu. Road,Słupsk,X6V 8A9,PM,Maldives,54.68182,-3.81093
10095,Allegra Y.,Bolton,394-4202,scelerisque.mollis@pede.org,08/12/18,Convallis Associates,"P.O. Box 450, 7919 Non Ave",Joliet,60106,IL,Namibia,-12.1651,128.51037
10096,Aileen,Valenzuela,153-4009,et.magnis@nonummyultricies.org,09/26/17,Risus Foundation,802-6629 Neque Rd.,Tallahassee,72260,Florida,Sao Tome and Principe,78067,-57.30725
10097,Merritt M.,Navarro,1-850-966-8928,Praesent.luctus.Curabitur@dignissimpharetraNam.edu,06/20/19,Arcu Vivamus Sit Company,"P.O. Box 369, 4867 Id Avenue",Bergen op Zoom,41909,N.,South Sudan,-68.89456,117.04284
10098,Lydia O.,Mccall,211-7696,metus.vitae.velit@pellentesque.net,09/07/17,Habitant LLP,5108 Velit. Road,San Cristóbal de la Laguna,PG9M 8NO,Canarias,Philippines,-76.70327,97.51513
10099,Keith M.,Malone,601-0820,eget.massa@pedeCras.edu,06/27/19,Ullamcorper PC,Ap #164-9617 Tellus Avenue,GŽrouville,653316,LX,Sri Lanka,50.13705,-45.82348
10100,Liberty,Thomas,1-394-343-3221,sit@Mauris.org,02/11/19,Tempus LLP,1533 Fermentum Rd.,Rycroft,T5V 4W5,Alberta,Turkey,85.18964,83.82483
